{
    "loss": 13.624221801757812,
    "accuracy": 0.4313725531101227
}